aligner,read_length,mapq,step,count
graph_15_5,30,0,initial,100000
graph_15_5,30,5,initial,100000
graph_15_5,30,10,initial,100000
graph_15_5,30,15,initial,100000
graph_15_5,30,20,initial,100000
graph_15_5,30,25,initial,100000
graph_15_5,30,30,initial,100000
graph_15_5,30,35,initial,100000
graph_15_5,30,40,initial,100000
graph_15_5,30,45,initial,100000
graph_15_5,30,50,initial,100000
graph_15_5,30,55,initial,100000
graph_15_5,30,60,initial,100000
graph_19_5,30,0,initial,100000
graph_19_5,30,5,initial,100000
graph_19_5,30,10,initial,100000
graph_19_5,30,15,initial,100000
graph_19_5,30,20,initial,100000
graph_19_5,30,25,initial,100000
graph_19_5,30,30,initial,100000
graph_19_5,30,35,initial,100000
graph_19_5,30,40,initial,100000
graph_19_5,30,45,initial,100000
graph_19_5,30,50,initial,100000
graph_19_5,30,55,initial,100000
graph_19_5,30,60,initial,100000
bwa_aln,30,0,initial,100000
bwa_aln,30,20,initial,100000
bwa_aln,30,30,initial,100000
graph_15_5,40,0,initial,100000
graph_15_5,40,5,initial,100000
graph_15_5,40,10,initial,100000
graph_15_5,40,15,initial,100000
graph_15_5,40,20,initial,100000
graph_15_5,40,25,initial,100000
graph_15_5,40,30,initial,100000
graph_15_5,40,35,initial,100000
graph_15_5,40,40,initial,100000
graph_15_5,40,45,initial,100000
graph_15_5,40,50,initial,100000
graph_15_5,40,55,initial,100000
graph_15_5,40,60,initial,100000
graph_19_5,40,0,initial,100000
graph_19_5,40,5,initial,100000
graph_19_5,40,10,initial,100000
graph_19_5,40,15,initial,100000
graph_19_5,40,20,initial,100000
graph_19_5,40,25,initial,100000
graph_19_5,40,30,initial,100000
graph_19_5,40,35,initial,100000
graph_19_5,40,40,initial,100000
graph_19_5,40,45,initial,100000
graph_19_5,40,50,initial,100000
graph_19_5,40,55,initial,100000
graph_19_5,40,60,initial,100000
bwa_aln,40,0,initial,100000
bwa_aln,40,20,initial,100000
bwa_aln,40,30,initial,100000
graph_15_5,50,0,initial,100000
graph_15_5,50,5,initial,100000
graph_15_5,50,10,initial,100000
graph_15_5,50,15,initial,100000
graph_15_5,50,20,initial,100000
graph_15_5,50,25,initial,100000
graph_15_5,50,30,initial,100000
graph_15_5,50,35,initial,100000
graph_15_5,50,40,initial,100000
graph_15_5,50,45,initial,100000
graph_15_5,50,50,initial,100000
graph_15_5,50,55,initial,100000
graph_15_5,50,60,initial,100000
graph_19_5,50,0,initial,100000
graph_19_5,50,5,initial,100000
graph_19_5,50,10,initial,100000
graph_19_5,50,15,initial,100000
graph_19_5,50,20,initial,100000
graph_19_5,50,25,initial,100000
graph_19_5,50,30,initial,100000
graph_19_5,50,35,initial,100000
graph_19_5,50,40,initial,100000
graph_19_5,50,45,initial,100000
graph_19_5,50,50,initial,100000
graph_19_5,50,55,initial,100000
graph_19_5,50,60,initial,100000
bwa_aln,50,0,initial,100000
bwa_aln,50,20,initial,100000
bwa_aln,50,30,initial,100000
graph_15_5,60,0,initial,100000
graph_15_5,60,5,initial,100000
graph_15_5,60,10,initial,100000
graph_15_5,60,15,initial,100000
graph_15_5,60,20,initial,100000
graph_15_5,60,25,initial,100000
graph_15_5,60,30,initial,100000
graph_15_5,60,35,initial,100000
graph_15_5,60,40,initial,100000
graph_15_5,60,45,initial,100000
graph_15_5,60,50,initial,100000
graph_15_5,60,55,initial,100000
graph_15_5,60,60,initial,100000
graph_19_5,60,0,initial,100000
graph_19_5,60,5,initial,100000
graph_19_5,60,10,initial,100000
graph_19_5,60,15,initial,100000
graph_19_5,60,20,initial,100000
graph_19_5,60,25,initial,100000
graph_19_5,60,30,initial,100000
graph_19_5,60,35,initial,100000
graph_19_5,60,40,initial,100000
graph_19_5,60,45,initial,100000
graph_19_5,60,50,initial,100000
graph_19_5,60,55,initial,100000
graph_19_5,60,60,initial,100000
bwa_aln,60,0,initial,100000
bwa_aln,60,20,initial,100000
bwa_aln,60,30,initial,100000
graph_15_5,70,0,initial,100000
graph_15_5,70,5,initial,100000
graph_15_5,70,10,initial,100000
graph_15_5,70,15,initial,100000
graph_15_5,70,20,initial,100000
graph_15_5,70,25,initial,100000
graph_15_5,70,30,initial,100000
graph_15_5,70,35,initial,100000
graph_15_5,70,40,initial,100000
graph_15_5,70,45,initial,100000
graph_15_5,70,50,initial,100000
graph_15_5,70,55,initial,100000
graph_15_5,70,60,initial,100000
graph_19_5,70,0,initial,100000
graph_19_5,70,5,initial,100000
graph_19_5,70,10,initial,100000
graph_19_5,70,15,initial,100000
graph_19_5,70,20,initial,100000
graph_19_5,70,25,initial,100000
graph_19_5,70,30,initial,100000
graph_19_5,70,35,initial,100000
graph_19_5,70,40,initial,100000
graph_19_5,70,45,initial,100000
graph_19_5,70,50,initial,100000
graph_19_5,70,55,initial,100000
graph_19_5,70,60,initial,100000
bwa_aln,70,0,initial,100000
bwa_aln,70,20,initial,100000
bwa_aln,70,30,initial,100000
graph_15_5,30,0,post_align,89693
graph_15_5,30,5,post_align,89693
graph_15_5,30,10,post_align,89693
graph_15_5,30,15,post_align,89693
graph_15_5,30,20,post_align,89693
graph_15_5,30,25,post_align,89693
graph_15_5,30,30,post_align,89693
graph_15_5,30,35,post_align,89693
graph_15_5,30,40,post_align,89693
graph_15_5,30,45,post_align,89693
graph_15_5,30,50,post_align,89693
graph_15_5,30,55,post_align,89693
graph_15_5,30,60,post_align,89693
graph_19_5,30,0,post_align,77873
graph_19_5,30,5,post_align,77873
graph_19_5,30,10,post_align,77873
graph_19_5,30,15,post_align,77873
graph_19_5,30,20,post_align,77873
graph_19_5,30,25,post_align,77873
graph_19_5,30,30,post_align,77873
graph_19_5,30,35,post_align,77873
graph_19_5,30,40,post_align,77873
graph_19_5,30,45,post_align,77873
graph_19_5,30,50,post_align,77873
graph_19_5,30,55,post_align,77873
graph_19_5,30,60,post_align,77873
bwa_aln,30,0,post_align,88660
bwa_aln,30,20,post_align,88660
bwa_aln,30,30,post_align,88660
graph_15_5,40,0,post_align,93259
graph_15_5,40,5,post_align,93259
graph_15_5,40,10,post_align,93259
graph_15_5,40,15,post_align,93259
graph_15_5,40,20,post_align,93259
graph_15_5,40,25,post_align,93259
graph_15_5,40,30,post_align,93259
graph_15_5,40,35,post_align,93259
graph_15_5,40,40,post_align,93259
graph_15_5,40,45,post_align,93259
graph_15_5,40,50,post_align,93259
graph_15_5,40,55,post_align,93259
graph_15_5,40,60,post_align,93259
graph_19_5,40,0,post_align,92647
graph_19_5,40,5,post_align,92647
graph_19_5,40,10,post_align,92647
graph_19_5,40,15,post_align,92647
graph_19_5,40,20,post_align,92647
graph_19_5,40,25,post_align,92647
graph_19_5,40,30,post_align,92647
graph_19_5,40,35,post_align,92647
graph_19_5,40,40,post_align,92647
graph_19_5,40,45,post_align,92647
graph_19_5,40,50,post_align,92647
graph_19_5,40,55,post_align,92647
graph_19_5,40,60,post_align,92647
bwa_aln,40,0,post_align,85980
bwa_aln,40,20,post_align,85980
bwa_aln,40,30,post_align,85980
graph_15_5,50,0,post_align,95246
graph_15_5,50,5,post_align,95246
graph_15_5,50,10,post_align,95246
graph_15_5,50,15,post_align,95246
graph_15_5,50,20,post_align,95246
graph_15_5,50,25,post_align,95246
graph_15_5,50,30,post_align,95246
graph_15_5,50,35,post_align,95246
graph_15_5,50,40,post_align,95246
graph_15_5,50,45,post_align,95246
graph_15_5,50,50,post_align,95246
graph_15_5,50,55,post_align,95246
graph_15_5,50,60,post_align,95246
graph_19_5,50,0,post_align,95732
graph_19_5,50,5,post_align,95732
graph_19_5,50,10,post_align,95732
graph_19_5,50,15,post_align,95732
graph_19_5,50,20,post_align,95732
graph_19_5,50,25,post_align,95732
graph_19_5,50,30,post_align,95732
graph_19_5,50,35,post_align,95732
graph_19_5,50,40,post_align,95732
graph_19_5,50,45,post_align,95732
graph_19_5,50,50,post_align,95732
graph_19_5,50,55,post_align,95732
graph_19_5,50,60,post_align,95732
bwa_aln,50,0,post_align,88865
bwa_aln,50,20,post_align,88865
bwa_aln,50,30,post_align,88865
graph_15_5,60,0,post_align,96337
graph_15_5,60,5,post_align,96337
graph_15_5,60,10,post_align,96337
graph_15_5,60,15,post_align,96337
graph_15_5,60,20,post_align,96337
graph_15_5,60,25,post_align,96337
graph_15_5,60,30,post_align,96337
graph_15_5,60,35,post_align,96337
graph_15_5,60,40,post_align,96337
graph_15_5,60,45,post_align,96337
graph_15_5,60,50,post_align,96337
graph_15_5,60,55,post_align,96337
graph_15_5,60,60,post_align,96337
graph_19_5,60,0,post_align,96996
graph_19_5,60,5,post_align,96996
graph_19_5,60,10,post_align,96996
graph_19_5,60,15,post_align,96996
graph_19_5,60,20,post_align,96996
graph_19_5,60,25,post_align,96996
graph_19_5,60,30,post_align,96996
graph_19_5,60,35,post_align,96996
graph_19_5,60,40,post_align,96996
graph_19_5,60,45,post_align,96996
graph_19_5,60,50,post_align,96996
graph_19_5,60,55,post_align,96996
graph_19_5,60,60,post_align,96996
bwa_aln,60,0,post_align,87903
bwa_aln,60,20,post_align,87903
bwa_aln,60,30,post_align,87903
graph_15_5,70,0,post_align,97148
graph_15_5,70,5,post_align,97148
graph_15_5,70,10,post_align,97148
graph_15_5,70,15,post_align,97148
graph_15_5,70,20,post_align,97148
graph_15_5,70,25,post_align,97148
graph_15_5,70,30,post_align,97148
graph_15_5,70,35,post_align,97148
graph_15_5,70,40,post_align,97148
graph_15_5,70,45,post_align,97148
graph_15_5,70,50,post_align,97148
graph_15_5,70,55,post_align,97148
graph_15_5,70,60,post_align,97148
graph_19_5,70,0,post_align,97733
graph_19_5,70,5,post_align,97733
graph_19_5,70,10,post_align,97733
graph_19_5,70,15,post_align,97733
graph_19_5,70,20,post_align,97733
graph_19_5,70,25,post_align,97733
graph_19_5,70,30,post_align,97733
graph_19_5,70,35,post_align,97733
graph_19_5,70,40,post_align,97733
graph_19_5,70,45,post_align,97733
graph_19_5,70,50,post_align,97733
graph_19_5,70,55,post_align,97733
graph_19_5,70,60,post_align,97733
bwa_aln,70,0,post_align,89671
bwa_aln,70,20,post_align,89671
bwa_aln,70,30,post_align,89671
graph_15_5,30,0,post_mapq,89693
graph_15_5,30,5,post_mapq,73145
graph_15_5,30,10,post_mapq,70199
graph_15_5,30,15,post_mapq,68228
graph_15_5,30,20,post_mapq,60866
graph_15_5,30,25,post_mapq,51835
graph_15_5,30,30,post_mapq,35940
graph_15_5,30,35,post_mapq,23200
graph_15_5,30,40,post_mapq,21042
graph_15_5,30,45,post_mapq,19276
graph_15_5,30,50,post_mapq,17267
graph_15_5,30,55,post_mapq,13178
graph_15_5,30,60,post_mapq,8533
graph_19_5,30,0,post_mapq,77873
graph_19_5,30,5,post_mapq,65249
graph_19_5,30,10,post_mapq,64264
graph_19_5,30,15,post_mapq,62632
graph_19_5,30,20,post_mapq,57382
graph_19_5,30,25,post_mapq,50204
graph_19_5,30,30,post_mapq,42099
graph_19_5,30,35,post_mapq,36459
graph_19_5,30,40,post_mapq,34919
graph_19_5,30,45,post_mapq,27648
graph_19_5,30,50,post_mapq,18634
graph_19_5,30,55,post_mapq,5704
graph_19_5,30,60,post_mapq,105
bwa_aln,30,0,post_mapq,88660
bwa_aln,30,20,post_mapq,64656
bwa_aln,30,30,post_mapq,56686
graph_15_5,40,0,post_mapq,93259
graph_15_5,40,5,post_mapq,79809
graph_15_5,40,10,post_mapq,78460
graph_15_5,40,15,post_mapq,77522
graph_15_5,40,20,post_mapq,72892
graph_15_5,40,25,post_mapq,68140
graph_15_5,40,30,post_mapq,63546
graph_15_5,40,35,post_mapq,57812
graph_15_5,40,40,post_mapq,54397
graph_15_5,40,45,post_mapq,51068
graph_15_5,40,50,post_mapq,47595
graph_15_5,40,55,post_mapq,44083
graph_15_5,40,60,post_mapq,40374
graph_19_5,40,0,post_mapq,92647
graph_19_5,40,5,post_mapq,79081
graph_19_5,40,10,post_mapq,77892
graph_19_5,40,15,post_mapq,76755
graph_19_5,40,20,post_mapq,71515
graph_19_5,40,25,post_mapq,65793
graph_19_5,40,30,post_mapq,58725
graph_19_5,40,35,post_mapq,50058
graph_19_5,40,40,post_mapq,47500
graph_19_5,40,45,post_mapq,43997
graph_19_5,40,50,post_mapq,40031
graph_19_5,40,55,post_mapq,32848
graph_19_5,40,60,post_mapq,25115
bwa_aln,40,0,post_mapq,85980
bwa_aln,40,20,post_mapq,64535
bwa_aln,40,30,post_mapq,56449
graph_15_5,50,0,post_mapq,95246
graph_15_5,50,5,post_mapq,85384
graph_15_5,50,10,post_mapq,84680
graph_15_5,50,15,post_mapq,84159
graph_15_5,50,20,post_mapq,80762
graph_15_5,50,25,post_mapq,77376
graph_15_5,50,30,post_mapq,75485
graph_15_5,50,35,post_mapq,73497
graph_15_5,50,40,post_mapq,71880
graph_15_5,50,45,post_mapq,70146
graph_15_5,50,50,post_mapq,67819
graph_15_5,50,55,post_mapq,65917
graph_15_5,50,60,post_mapq,63765
graph_19_5,50,0,post_mapq,95732
graph_19_5,50,5,post_mapq,85258
graph_19_5,50,10,post_mapq,84493
graph_19_5,50,15,post_mapq,83819
graph_19_5,50,20,post_mapq,80091
graph_19_5,50,25,post_mapq,76330
graph_19_5,50,30,post_mapq,73461
graph_19_5,50,35,post_mapq,69740
graph_19_5,50,40,post_mapq,67718
graph_19_5,50,45,post_mapq,65434
graph_19_5,50,50,post_mapq,62723
graph_19_5,50,55,post_mapq,59870
graph_19_5,50,60,post_mapq,56874
bwa_aln,50,0,post_mapq,88865
bwa_aln,50,20,post_mapq,71389
bwa_aln,50,30,post_mapq,65969
graph_15_5,60,0,post_mapq,96337
graph_15_5,60,5,post_mapq,88652
graph_15_5,60,10,post_mapq,88144
graph_15_5,60,15,post_mapq,87758
graph_15_5,60,20,post_mapq,84928
graph_15_5,60,25,post_mapq,81998
graph_15_5,60,30,post_mapq,80712
graph_15_5,60,35,post_mapq,79528
graph_15_5,60,40,post_mapq,78537
graph_15_5,60,45,post_mapq,77244
graph_15_5,60,50,post_mapq,75573
graph_15_5,60,55,post_mapq,74355
graph_15_5,60,60,post_mapq,73064
graph_19_5,60,0,post_mapq,96996
graph_19_5,60,5,post_mapq,88913
graph_19_5,60,10,post_mapq,88428
graph_19_5,60,15,post_mapq,88017
graph_19_5,60,20,post_mapq,85250
graph_19_5,60,25,post_mapq,82264
graph_19_5,60,30,post_mapq,80815
graph_19_5,60,35,post_mapq,79216
graph_19_5,60,40,post_mapq,77997
graph_19_5,60,45,post_mapq,76445
graph_19_5,60,50,post_mapq,74285
graph_19_5,60,55,post_mapq,72674
graph_19_5,60,60,post_mapq,70954
bwa_aln,60,0,post_mapq,87903
bwa_aln,60,20,post_mapq,74230
bwa_aln,60,30,post_mapq,68880
graph_15_5,70,0,post_mapq,97148
graph_15_5,70,5,post_mapq,91185
graph_15_5,70,10,post_mapq,90788
graph_15_5,70,15,post_mapq,90506
graph_15_5,70,20,post_mapq,88133
graph_15_5,70,25,post_mapq,85547
graph_15_5,70,30,post_mapq,84328
graph_15_5,70,35,post_mapq,83341
graph_15_5,70,40,post_mapq,82529
graph_15_5,70,45,post_mapq,81526
graph_15_5,70,50,post_mapq,80181
graph_15_5,70,55,post_mapq,79345
graph_15_5,70,60,post_mapq,78516
graph_19_5,70,0,post_mapq,97733
graph_19_5,70,5,post_mapq,91399
graph_19_5,70,10,post_mapq,91001
graph_19_5,70,15,post_mapq,90692
graph_19_5,70,20,post_mapq,88320
graph_19_5,70,25,post_mapq,85756
graph_19_5,70,30,post_mapq,84751
graph_19_5,70,35,post_mapq,83826
graph_19_5,70,40,post_mapq,82935
graph_19_5,70,45,post_mapq,81868
graph_19_5,70,50,post_mapq,80306
graph_19_5,70,55,post_mapq,79328
graph_19_5,70,60,post_mapq,78344
bwa_aln,70,0,post_mapq,89671
bwa_aln,70,20,post_mapq,78504
bwa_aln,70,30,post_mapq,74605
graph_15_5,30,0,post_surject,89061
graph_15_5,30,5,post_surject,72959
graph_15_5,30,10,post_surject,70027
graph_15_5,30,15,post_surject,68065
graph_15_5,30,20,post_surject,60737
graph_15_5,30,25,post_surject,51745
graph_15_5,30,30,post_surject,35885
graph_15_5,30,35,post_surject,23163
graph_15_5,30,40,post_surject,21008
graph_15_5,30,45,post_surject,19247
graph_15_5,30,50,post_surject,17241
graph_15_5,30,55,post_surject,13157
graph_15_5,30,60,post_surject,8521
graph_19_5,30,0,post_surject,77306
graph_19_5,30,5,post_surject,65087
graph_19_5,30,10,post_surject,64106
graph_19_5,30,15,post_surject,62482
graph_19_5,30,20,post_surject,57265
graph_19_5,30,25,post_surject,50126
graph_19_5,30,30,post_surject,42039
graph_19_5,30,35,post_surject,36409
graph_19_5,30,40,post_surject,34872
graph_19_5,30,45,post_surject,27614
graph_19_5,30,50,post_surject,18613
graph_19_5,30,55,post_surject,5698
graph_19_5,30,60,post_surject,105
bwa_aln,30,0,post_surject,88660
bwa_aln,30,20,post_surject,64656
bwa_aln,30,30,post_surject,56686
graph_15_5,40,0,post_surject,92575
graph_15_5,40,5,post_surject,79583
graph_15_5,40,10,post_surject,78246
graph_15_5,40,15,post_surject,77320
graph_15_5,40,20,post_surject,72725
graph_15_5,40,25,post_surject,68010
graph_15_5,40,30,post_surject,63426
graph_15_5,40,35,post_surject,57715
graph_15_5,40,40,post_surject,54307
graph_15_5,40,45,post_surject,50987
graph_15_5,40,50,post_surject,47526
graph_15_5,40,55,post_surject,44019
graph_15_5,40,60,post_surject,40317
graph_19_5,40,0,post_surject,91949
graph_19_5,40,5,post_surject,78863
graph_19_5,40,10,post_surject,77687
graph_19_5,40,15,post_surject,76553
graph_19_5,40,20,post_surject,71344
graph_19_5,40,25,post_surject,65665
graph_19_5,40,30,post_surject,58616
graph_19_5,40,35,post_surject,49978
graph_19_5,40,40,post_surject,47424
graph_19_5,40,45,post_surject,43932
graph_19_5,40,50,post_surject,39975
graph_19_5,40,55,post_surject,32803
graph_19_5,40,60,post_surject,25080
bwa_aln,40,0,post_surject,85980
bwa_aln,40,20,post_surject,64535
bwa_aln,40,30,post_surject,56449
graph_15_5,50,0,post_surject,94538
graph_15_5,50,5,post_surject,85160
graph_15_5,50,10,post_surject,84463
graph_15_5,50,15,post_surject,83949
graph_15_5,50,20,post_surject,80580
graph_15_5,50,25,post_surject,77233
graph_15_5,50,30,post_surject,75346
graph_15_5,50,35,post_surject,73362
graph_15_5,50,40,post_surject,71752
graph_15_5,50,45,post_surject,70028
graph_15_5,50,50,post_surject,67714
graph_15_5,50,55,post_surject,65820
graph_15_5,50,60,post_surject,63673
graph_19_5,50,0,post_surject,94962
graph_19_5,50,5,post_surject,85023
graph_19_5,50,10,post_surject,84270
graph_19_5,50,15,post_surject,83604
graph_19_5,50,20,post_surject,79907
graph_19_5,50,25,post_surject,76183
graph_19_5,50,30,post_surject,73333
graph_19_5,50,35,post_surject,69623
graph_19_5,50,40,post_surject,67608
graph_19_5,50,45,post_surject,65336
graph_19_5,50,50,post_surject,62632
graph_19_5,50,55,post_surject,59785
graph_19_5,50,60,post_surject,56799
bwa_aln,50,0,post_surject,88865
bwa_aln,50,20,post_surject,71389
bwa_aln,50,30,post_surject,65969
graph_15_5,60,0,post_surject,95590
graph_15_5,60,5,post_surject,88378
graph_15_5,60,10,post_surject,87883
graph_15_5,60,15,post_surject,87504
graph_15_5,60,20,post_surject,84707
graph_15_5,60,25,post_surject,81810
graph_15_5,60,30,post_surject,80533
graph_15_5,60,35,post_surject,79350
graph_15_5,60,40,post_surject,78367
graph_15_5,60,45,post_surject,77081
graph_15_5,60,50,post_surject,75423
graph_15_5,60,55,post_surject,74210
graph_15_5,60,60,post_surject,72927
graph_19_5,60,0,post_surject,96246
graph_19_5,60,5,post_surject,88640
graph_19_5,60,10,post_surject,88160
graph_19_5,60,15,post_surject,87754
graph_19_5,60,20,post_surject,85024
graph_19_5,60,25,post_surject,82071
graph_19_5,60,30,post_surject,80633
graph_19_5,60,35,post_surject,79037
graph_19_5,60,40,post_surject,77829
graph_19_5,60,45,post_surject,76284
graph_19_5,60,50,post_surject,74148
graph_19_5,60,55,post_surject,72548
graph_19_5,60,60,post_surject,70837
bwa_aln,60,0,post_surject,87903
bwa_aln,60,20,post_surject,74230
bwa_aln,60,30,post_surject,68880
graph_15_5,70,0,post_surject,96440
graph_15_5,70,5,post_surject,90918
graph_15_5,70,10,post_surject,90525
graph_15_5,70,15,post_surject,90246
graph_15_5,70,20,post_surject,87903
graph_15_5,70,25,post_surject,85356
graph_15_5,70,30,post_surject,84145
graph_15_5,70,35,post_surject,83165
graph_15_5,70,40,post_surject,82358
graph_15_5,70,45,post_surject,81359
graph_15_5,70,50,post_surject,80033
graph_15_5,70,55,post_surject,79199
graph_15_5,70,60,post_surject,78375
graph_19_5,70,0,post_surject,97010
graph_19_5,70,5,post_surject,91128
graph_19_5,70,10,post_surject,90737
graph_19_5,70,15,post_surject,90431
graph_19_5,70,20,post_surject,88090
graph_19_5,70,25,post_surject,85565
graph_19_5,70,30,post_surject,84566
graph_19_5,70,35,post_surject,83649
graph_19_5,70,40,post_surject,82761
graph_19_5,70,45,post_surject,81699
graph_19_5,70,50,post_surject,80156
graph_19_5,70,55,post_surject,79185
graph_19_5,70,60,post_surject,78206
bwa_aln,70,0,post_surject,89671
bwa_aln,70,20,post_surject,78504
bwa_aln,70,30,post_surject,74605
graph_15_5,30,0,post_lift,88022
graph_15_5,30,5,post_lift,72485
graph_15_5,30,10,post_lift,69621
graph_15_5,30,15,post_lift,67695
graph_15_5,30,20,post_lift,60445
graph_15_5,30,25,post_lift,51538
graph_15_5,30,30,post_lift,35774
graph_15_5,30,35,post_lift,23091
graph_15_5,30,40,post_lift,20945
graph_15_5,30,45,post_lift,19186
graph_15_5,30,50,post_lift,17185
graph_15_5,30,55,post_lift,13124
graph_15_5,30,60,post_lift,8494
graph_19_5,30,0,post_lift,76370
graph_19_5,30,5,post_lift,64662
graph_19_5,30,10,post_lift,63706
graph_19_5,30,15,post_lift,62112
graph_19_5,30,20,post_lift,56961
graph_19_5,30,25,post_lift,49927
graph_19_5,30,30,post_lift,41899
graph_19_5,30,35,post_lift,36288
graph_19_5,30,40,post_lift,34760
graph_19_5,30,45,post_lift,27524
graph_19_5,30,50,post_lift,18562
graph_19_5,30,55,post_lift,5684
graph_19_5,30,60,post_lift,105
bwa_aln,30,0,post_lift,87432
bwa_aln,30,20,post_lift,64358
bwa_aln,30,30,post_lift,56511
graph_15_5,40,0,post_lift,91573
graph_15_5,40,5,post_lift,79082
graph_15_5,40,10,post_lift,77782
graph_15_5,40,15,post_lift,76883
graph_15_5,40,20,post_lift,72343
graph_15_5,40,25,post_lift,67697
graph_15_5,40,30,post_lift,63166
graph_15_5,40,35,post_lift,57493
graph_15_5,40,40,post_lift,54105
graph_15_5,40,45,post_lift,50808
graph_15_5,40,50,post_lift,47362
graph_15_5,40,55,post_lift,43874
graph_15_5,40,60,post_lift,40180
graph_19_5,40,0,post_lift,90967
graph_19_5,40,5,post_lift,78367
graph_19_5,40,10,post_lift,77221
graph_19_5,40,15,post_lift,76110
graph_19_5,40,20,post_lift,70971
graph_19_5,40,25,post_lift,65368
graph_19_5,40,30,post_lift,58386
graph_19_5,40,35,post_lift,49795
graph_19_5,40,40,post_lift,47261
graph_19_5,40,45,post_lift,43785
graph_19_5,40,50,post_lift,39843
graph_19_5,40,55,post_lift,32697
graph_19_5,40,60,post_lift,24994
bwa_aln,40,0,post_lift,85100
bwa_aln,40,20,post_lift,64352
bwa_aln,40,30,post_lift,56338
graph_15_5,50,0,post_lift,93565
graph_15_5,50,5,post_lift,84611
graph_15_5,50,10,post_lift,83942
graph_15_5,50,15,post_lift,83437
graph_15_5,50,20,post_lift,80101
graph_15_5,50,25,post_lift,76798
graph_15_5,50,30,post_lift,74935
graph_15_5,50,35,post_lift,72968
graph_15_5,50,40,post_lift,71371
graph_15_5,50,45,post_lift,69671
graph_15_5,50,50,post_lift,67387
graph_15_5,50,55,post_lift,65508
graph_15_5,50,60,post_lift,63374
graph_19_5,50,0,post_lift,93994
graph_19_5,50,5,post_lift,84481
graph_19_5,50,10,post_lift,83755
graph_19_5,50,15,post_lift,83103
graph_19_5,50,20,post_lift,79438
graph_19_5,50,25,post_lift,75771
graph_19_5,50,30,post_lift,72950
graph_19_5,50,35,post_lift,69275
graph_19_5,50,40,post_lift,67277
graph_19_5,50,45,post_lift,65023
graph_19_5,50,50,post_lift,62344
graph_19_5,50,55,post_lift,59516
graph_19_5,50,60,post_lift,56552
bwa_aln,50,0,post_lift,87980
bwa_aln,50,20,post_lift,71142
bwa_aln,50,30,post_lift,65792
graph_15_5,60,0,post_lift,94754
graph_15_5,60,5,post_lift,87909
graph_15_5,60,10,post_lift,87422
graph_15_5,60,15,post_lift,87050
graph_15_5,60,20,post_lift,84283
graph_15_5,60,25,post_lift,81422
graph_15_5,60,30,post_lift,80151
graph_15_5,60,35,post_lift,78978
graph_15_5,60,40,post_lift,78006
graph_15_5,60,45,post_lift,76732
graph_15_5,60,50,post_lift,75095
graph_15_5,60,55,post_lift,73899
graph_15_5,60,60,post_lift,72625
graph_19_5,60,0,post_lift,95397
graph_19_5,60,5,post_lift,88160
graph_19_5,60,10,post_lift,87695
graph_19_5,60,15,post_lift,87295
graph_19_5,60,20,post_lift,84596
graph_19_5,60,25,post_lift,81686
graph_19_5,60,30,post_lift,80262
graph_19_5,60,35,post_lift,78677
graph_19_5,60,40,post_lift,77479
graph_19_5,60,45,post_lift,75949
graph_19_5,60,50,post_lift,73841
graph_19_5,60,55,post_lift,72251
graph_19_5,60,60,post_lift,70555
bwa_aln,60,0,post_lift,87178
bwa_aln,60,20,post_lift,74046
bwa_aln,60,30,post_lift,68747
graph_15_5,70,0,post_lift,95553
graph_15_5,70,5,post_lift,90347
graph_15_5,70,10,post_lift,89959
graph_15_5,70,15,post_lift,89685
graph_15_5,70,20,post_lift,87383
graph_15_5,70,25,post_lift,84887
graph_15_5,70,30,post_lift,83689
graph_15_5,70,35,post_lift,82715
graph_15_5,70,40,post_lift,81912
graph_15_5,70,45,post_lift,80930
graph_15_5,70,50,post_lift,79620
graph_15_5,70,55,post_lift,78794
graph_15_5,70,60,post_lift,77983
graph_19_5,70,0,post_lift,96090
graph_19_5,70,5,post_lift,90568
graph_19_5,70,10,post_lift,90184
graph_19_5,70,15,post_lift,89884
graph_19_5,70,20,post_lift,87573
graph_19_5,70,25,post_lift,85102
graph_19_5,70,30,post_lift,84114
graph_19_5,70,35,post_lift,83205
graph_19_5,70,40,post_lift,82326
graph_19_5,70,45,post_lift,81268
graph_19_5,70,50,post_lift,79744
graph_19_5,70,55,post_lift,78784
graph_19_5,70,60,post_lift,77817
bwa_aln,70,0,post_lift,88903
bwa_aln,70,20,post_lift,78250
bwa_aln,70,30,post_lift,74415
