read_length,aligner,mapq,microbial_mapped
30,graph_15_5,0,56373
30,graph_15_5,5,33765
30,graph_15_5,10,25136
30,graph_15_5,15,19050
30,graph_15_5,20,12896
30,graph_15_5,25,5786
30,graph_15_5,30,667
30,graph_15_5,35,426
30,graph_15_5,40,403
30,graph_15_5,45,364
30,graph_15_5,50,246
30,graph_15_5,55,87
30,graph_15_5,60,39
30,graph_19_5,0,9832
30,graph_19_5,5,8366
30,graph_19_5,10,7612
30,graph_19_5,15,6092
30,graph_19_5,20,4342
30,graph_19_5,25,1950
30,graph_19_5,30,1154
30,graph_19_5,35,866
30,graph_19_5,40,824
30,graph_19_5,45,653
30,graph_19_5,50,176
30,graph_19_5,55,7
30,graph_19_5,60,0
30,bwa_aln,0,6482
30,bwa_aln,20,4259
30,bwa_aln,30,1775
40,graph_15_5,0,58751
40,graph_15_5,5,35579
40,graph_15_5,10,27148
40,graph_15_5,15,20864
40,graph_15_5,20,14356
40,graph_15_5,25,6804
40,graph_15_5,30,1251
40,graph_15_5,35,899
40,graph_15_5,40,726
40,graph_15_5,45,565
40,graph_15_5,50,375
40,graph_15_5,55,171
40,graph_15_5,60,114
40,graph_19_5,0,14332
40,graph_19_5,5,12099
40,graph_19_5,10,10880
40,graph_19_5,15,8736
40,graph_19_5,20,6270
40,graph_19_5,25,2983
40,graph_19_5,30,1502
40,graph_19_5,35,1083
40,graph_19_5,40,1031
40,graph_19_5,45,812
40,graph_19_5,50,283
40,graph_19_5,55,52
40,graph_19_5,60,29
40,bwa_aln,0,924
40,bwa_aln,20,734
40,bwa_aln,30,253
50,graph_15_5,0,60372
50,graph_15_5,5,37127
50,graph_15_5,10,28066
50,graph_15_5,15,21514
50,graph_15_5,20,14779
50,graph_15_5,25,7335
50,graph_15_5,30,1820
50,graph_15_5,35,1374
50,graph_15_5,40,1089
50,graph_15_5,45,758
50,graph_15_5,50,447
50,graph_15_5,55,191
50,graph_15_5,60,125
50,graph_19_5,0,18681
50,graph_19_5,5,15559
50,graph_19_5,10,13825
50,graph_19_5,15,10970
50,graph_19_5,20,7896
50,graph_19_5,25,3760
50,graph_19_5,30,1928
50,graph_19_5,35,1381
50,graph_19_5,40,1271
50,graph_19_5,45,980
50,graph_19_5,50,400
50,graph_19_5,55,82
50,graph_19_5,60,64
50,bwa_aln,0,647
50,bwa_aln,20,557
50,bwa_aln,30,268
60,graph_15_5,0,61669
60,graph_15_5,5,38061
60,graph_15_5,10,28623
60,graph_15_5,15,21984
60,graph_15_5,20,15193
60,graph_15_5,25,7767
60,graph_15_5,30,2417
60,graph_15_5,35,1908
60,graph_15_5,40,1531
60,graph_15_5,45,1174
60,graph_15_5,50,700
60,graph_15_5,55,347
60,graph_15_5,60,244
60,graph_19_5,0,22003
60,graph_19_5,5,18166
60,graph_19_5,10,15985
60,graph_19_5,15,12727
60,graph_19_5,20,9225
60,graph_19_5,25,4419
60,graph_19_5,30,2312
60,graph_19_5,35,1668
60,graph_19_5,40,1496
60,graph_19_5,45,1144
60,graph_19_5,50,450
60,graph_19_5,55,158
60,graph_19_5,60,120
60,bwa_aln,0,182
60,bwa_aln,20,174
60,bwa_aln,30,55
70,graph_15_5,0,63255
70,graph_15_5,5,39345
70,graph_15_5,10,29650
70,graph_15_5,15,22551
70,graph_15_5,20,15776
70,graph_15_5,25,8292
70,graph_15_5,30,2841
70,graph_15_5,35,2297
70,graph_15_5,40,1860
70,graph_15_5,45,1354
70,graph_15_5,50,853
70,graph_15_5,55,449
70,graph_15_5,60,285
70,graph_19_5,0,25631
70,graph_19_5,5,21227
70,graph_19_5,10,18588
70,graph_19_5,15,14616
70,graph_19_5,20,10453
70,graph_19_5,25,5180
70,graph_19_5,30,2744
70,graph_19_5,35,2079
70,graph_19_5,40,1810
70,graph_19_5,45,1390
70,graph_19_5,50,640
70,graph_19_5,55,219
70,graph_19_5,60,166
70,bwa_aln,0,110
70,bwa_aln,20,104
70,bwa_aln,30,28
30,graph_15_3,0,70953
30,graph_15_3,5,35965
30,graph_15_3,10,24186
30,graph_15_3,15,17749
30,graph_15_3,20,12069
30,graph_15_3,25,5663
30,graph_15_3,30,650
30,graph_15_3,35,326
30,graph_15_3,40,253
30,graph_15_3,45,236
30,graph_15_3,50,194
30,graph_15_3,55,97
30,graph_15_3,60,58
30,graph_17_3,0,39130
30,graph_17_3,5,28797
30,graph_17_3,10,23970
30,graph_17_3,15,18305
30,graph_17_3,20,12197
30,graph_17_3,25,4667
30,graph_17_3,30,792
30,graph_17_3,35,575
30,graph_17_3,40,562
30,graph_17_3,45,504
30,graph_17_3,50,286
30,graph_17_3,55,61
30,graph_17_3,60,6
30,graph_17_5,0,28619
30,graph_17_5,5,22075
30,graph_17_5,10,19205
30,graph_17_5,15,14862
30,graph_17_5,20,10095
30,graph_17_5,25,3789
30,graph_17_5,30,942
30,graph_17_5,35,718
30,graph_17_5,40,685
30,graph_17_5,45,583
30,graph_17_5,50,284
30,graph_17_5,55,38
30,graph_17_5,60,1
30,graph_19_3,0,13214
30,graph_19_3,5,11068
30,graph_19_3,10,9912
30,graph_19_3,15,7928
30,graph_19_3,20,5695
30,graph_19_3,25,2751
30,graph_19_3,30,1431
30,graph_19_3,35,1059
30,graph_19_3,40,1042
30,graph_19_3,45,851
30,graph_19_3,50,277
30,graph_19_3,55,24
30,graph_19_3,60,0
40,graph_15_3,0,72494
40,graph_15_3,5,38019
40,graph_15_3,10,26081
40,graph_15_3,15,19522
40,graph_15_3,20,13477
40,graph_15_3,25,6603
40,graph_15_3,30,1295
40,graph_15_3,35,946
40,graph_15_3,40,700
40,graph_15_3,45,462
40,graph_15_3,50,299
40,graph_15_3,55,145
40,graph_15_3,60,94
40,graph_17_3,0,42757
40,graph_17_3,5,31825
40,graph_17_3,10,26436
40,graph_17_3,15,20225
40,graph_17_3,20,13730
40,graph_17_3,25,5971
40,graph_17_3,30,1422
40,graph_17_3,35,977
40,graph_17_3,40,834
40,graph_17_3,45,675
40,graph_17_3,50,393
40,graph_17_3,55,119
40,graph_17_3,60,76
40,graph_17_5,0,32889
40,graph_17_5,5,25550
40,graph_17_5,10,22164
40,graph_17_5,15,17356
40,graph_17_5,20,11990
40,graph_17_5,25,5185
40,graph_17_5,30,1478
40,graph_17_5,35,1046
40,graph_17_5,40,965
40,graph_17_5,45,825
40,graph_17_5,50,432
40,graph_17_5,55,140
40,graph_17_5,60,70
40,graph_19_3,0,18235
40,graph_19_3,5,15074
40,graph_19_3,10,13286
40,graph_19_3,15,10664
40,graph_19_3,20,7768
40,graph_19_3,25,4004
40,graph_19_3,30,1776
40,graph_19_3,35,1246
40,graph_19_3,40,1203
40,graph_19_3,45,984
40,graph_19_3,50,384
40,graph_19_3,55,61
40,graph_19_3,60,39
50,graph_15_3,0,73379
50,graph_15_3,5,38889
50,graph_15_3,10,26911
50,graph_15_3,15,20040
50,graph_15_3,20,14025
50,graph_15_3,25,7351
50,graph_15_3,30,2167
50,graph_15_3,35,1788
50,graph_15_3,40,1351
50,graph_15_3,45,897
50,graph_15_3,50,543
50,graph_15_3,55,274
50,graph_15_3,60,155
50,graph_17_3,0,46305
50,graph_17_3,5,34370
50,graph_17_3,10,28497
50,graph_17_3,15,21804
50,graph_17_3,20,14740
50,graph_17_3,25,6835
50,graph_17_3,30,2043
50,graph_17_3,35,1509
50,graph_17_3,40,1293
50,graph_17_3,45,959
50,graph_17_3,50,548
50,graph_17_3,55,188
50,graph_17_3,60,120
50,graph_17_5,0,37134
50,graph_17_5,5,28609
50,graph_17_5,10,24683
50,graph_17_5,15,19268
50,graph_17_5,20,13226
50,graph_17_5,25,5934
50,graph_17_5,30,2030
50,graph_17_5,35,1467
50,graph_17_5,40,1253
50,graph_17_5,45,976
50,graph_17_5,50,505
50,graph_17_5,55,193
50,graph_17_5,60,109
50,graph_19_3,0,23155
50,graph_19_3,5,18793
50,graph_19_3,10,16440
50,graph_19_3,15,13061
50,graph_19_3,20,9411
50,graph_19_3,25,4843
50,graph_19_3,30,2178
50,graph_19_3,35,1509
50,graph_19_3,40,1397
50,graph_19_3,45,1088
50,graph_19_3,50,469
50,graph_19_3,55,104
50,graph_19_3,60,57
60,graph_15_3,0,74090
60,graph_15_3,5,39656
60,graph_15_3,10,27344
60,graph_15_3,15,20481
60,graph_15_3,20,14474
60,graph_15_3,25,7931
60,graph_15_3,30,2753
60,graph_15_3,35,2274
60,graph_15_3,40,1838
60,graph_15_3,45,1290
60,graph_15_3,50,847
60,graph_15_3,55,494
60,graph_15_3,60,347
60,graph_17_3,0,48902
60,graph_17_3,5,35885
60,graph_17_3,10,29592
60,graph_17_3,15,22398
60,graph_17_3,20,15335
60,graph_17_3,25,7424
60,graph_17_3,30,2487
60,graph_17_3,35,1886
60,graph_17_3,40,1582
60,graph_17_3,45,1236
60,graph_17_3,50,762
60,graph_17_3,55,323
60,graph_17_3,60,229
60,graph_17_5,0,40281
60,graph_17_5,5,30906
60,graph_17_5,10,26389
60,graph_17_5,15,20432
60,graph_17_5,20,14150
60,graph_17_5,25,6680
60,graph_17_5,30,2488
60,graph_17_5,35,1885
60,graph_17_5,40,1566
60,graph_17_5,45,1232
60,graph_17_5,50,689
60,graph_17_5,55,330
60,graph_17_5,60,209
60,graph_19_3,0,26789
60,graph_19_3,5,21435
60,graph_19_3,10,18571
60,graph_19_3,15,14882
60,graph_19_3,20,10770
60,graph_19_3,25,5578
60,graph_19_3,30,2601
60,graph_19_3,35,1849
60,graph_19_3,40,1644
60,graph_19_3,45,1278
60,graph_19_3,50,583
60,graph_19_3,55,178
60,graph_19_3,60,103
70,graph_15_3,0,75035
70,graph_15_3,5,40858
70,graph_15_3,10,28381
70,graph_15_3,15,21229
70,graph_15_3,20,15144
70,graph_15_3,25,8495
70,graph_15_3,30,3251
70,graph_15_3,35,2711
70,graph_15_3,40,2158
70,graph_15_3,45,1649
70,graph_15_3,50,1137
70,graph_15_3,55,714
70,graph_15_3,60,500
70,graph_17_3,0,51287
70,graph_17_3,5,37441
70,graph_17_3,10,30688
70,graph_17_3,15,23266
70,graph_17_3,20,15941
70,graph_17_3,25,8200
70,graph_17_3,30,2983
70,graph_17_3,35,2367
70,graph_17_3,40,1947
70,graph_17_3,45,1497
70,graph_17_3,50,946
70,graph_17_3,55,491
70,graph_17_3,60,328
70,graph_17_5,0,43135
70,graph_17_5,5,32690
70,graph_17_5,10,27701
70,graph_17_5,15,21320
70,graph_17_5,20,14732
70,graph_17_5,25,7293
70,graph_17_5,30,2877
70,graph_17_5,35,2202
70,graph_17_5,40,1810
70,graph_17_5,45,1368
70,graph_17_5,50,786
70,graph_17_5,55,419
70,graph_17_5,60,282
70,graph_19_3,0,30898
70,graph_19_3,5,24503
70,graph_19_3,10,21099
70,graph_19_3,15,16858
70,graph_19_3,20,12105
70,graph_19_3,25,6454
70,graph_19_3,30,3091
70,graph_19_3,35,2247
70,graph_19_3,40,1917
70,graph_19_3,45,1474
70,graph_19_3,50,783
70,graph_19_3,55,280
70,graph_19_3,60,154