aligner,read_length,mapq,retention,accuracy
graph_15_5,30,0,99.29537422,74.18960039
graph_15_5,30,5,81.34302565,87.97680889
graph_15_5,30,10,78.0740972,90.34372456
graph_15_5,30,15,75.88663552,91.47138764
graph_15_5,30,20,67.71654421,94.337883
graph_15_5,30,25,57.69123566,96.73784907
graph_15_5,30,30,40.00869633,98.76271423
graph_15_5,30,35,25.82475778,98.81707896
graph_15_5,30,40,23.42211767,98.84329779
graph_15_5,30,45,21.45875375,98.90892087
graph_15_5,30,50,19.22223585,99.04877907
graph_15_5,30,55,14.66892623,99.39195865
graph_15_5,30,60,9.500183961,99.35453585
graph_19_5,30,0,99.27189141,77.60458438
graph_19_5,30,5,83.58095874,89.89813634
graph_19_5,30,10,82.32121531,90.74345615
graph_19_5,30,15,80.23576849,91.30789667
graph_19_5,30,20,73.53639901,93.9823627
graph_19_5,30,25,64.36890835,96.65842078
graph_19_5,30,30,53.98405095,97.5855753
graph_19_5,30,35,46.75433077,97.706611
graph_19_5,30,40,44.78060432,97.76898371
graph_19_5,30,45,35.46030075,97.99377128
graph_19_5,30,50,23.90173744,98.6246172
graph_19_5,30,55,7.31704185,99.54369954
graph_19_5,30,60,0.1348349235,100
bwa_aln,30,0,100,75.73313783
bwa_aln,30,20,72.92578389,97.24387528
bwa_aln,30,30,63.93638619,98.47228593
graph_15_5,40,0,99.26655872,82.4337024
graph_15_5,40,5,85.3354636,93.42196198
graph_15_5,40,10,83.90182181,94.50834547
graph_15_5,40,15,82.90888815,95.09958614
graph_15_5,40,20,77.98174975,97.1742867
graph_15_5,40,25,72.92593744,98.24437583
graph_15_5,40,30,68.01059415,98.8632422
graph_15_5,40,35,61.88678841,98.96733951
graph_15_5,40,40,58.23244942,99.02406688
graph_15_5,40,45,54.67247129,99.13507365
graph_15_5,40,50,50.96130132,99.24251988
graph_15_5,40,55,47.20080636,99.33665008
graph_15_5,40,60,43.23121629,99.37743384
graph_19_5,40,0,99.2466027,82.73716952
graph_19_5,40,5,85.1220223,93.86911479
graph_19_5,40,10,83.85268816,94.712114
graph_19_5,40,15,82.62868738,95.11188327
graph_19_5,40,20,77.00627112,97.15322942
graph_19_5,40,25,70.87655294,98.2821899
graph_19_5,40,30,63.26810366,98.69489559
graph_19_5,40,35,53.94454219,98.80947617
graph_19_5,40,40,51.18784202,98.92037787
graph_19_5,40,45,47.41869677,99.071292
graph_19_5,40,50,43.14764644,99.26954346
graph_19_5,40,55,35.40643518,99.42688169
graph_19_5,40,60,27.07049338,99.44178628
bwa_aln,40,0,100,79.30448942
bwa_aln,40,20,75.05815306,98.53567831
bwa_aln,40,30,65.65364038,99.30202484
graph_15_5,50,0,99.2566617,88.05982779
graph_15_5,50,5,89.41057892,95.7409582
graph_15_5,50,10,88.67878966,96.26108474
graph_15_5,50,15,88.13913445,96.55147768
graph_15_5,50,20,84.60197804,97.82700422
graph_15_5,50,25,81.0879197,98.5563166
graph_15_5,50,30,79.10673414,98.79489289
graph_15_5,50,35,77.02370703,98.86862408
graph_15_5,50,40,75.33334733,98.91013491
graph_15_5,50,45,73.52329757,98.99040384
graph_15_5,50,50,71.09379921,99.10062912
graph_15_5,50,55,69.10526426,99.16590702
graph_15_5,50,60,66.85110136,99.19589151
graph_19_5,50,0,99.19567125,87.62136434
graph_19_5,50,5,88.81356286,95.74232855
graph_19_5,50,10,88.02699202,96.2667616
graph_19_5,50,15,87.33129988,96.55279652
graph_19_5,50,20,83.46947729,97.86626954
graph_19_5,50,25,79.57945097,98.55479569
graph_19_5,50,30,76.60239001,98.76181255
graph_19_5,50,35,72.72698784,98.82940982
graph_19_5,50,40,70.62215351,98.90397586
graph_19_5,50,45,68.2488614,99.01432595
graph_19_5,50,50,65.42430953,99.14580406
graph_19_5,50,55,62.45038232,99.21886761
graph_19_5,50,60,59.3312581,99.25878977
bwa_aln,50,0,100,84.13773702
bwa_aln,50,20,80.33421482,98.67486588
bwa_aln,50,30,74.23507568,99.20568752
graph_15_5,60,0,99.22459699,90.93838268
graph_15_5,60,5,91.73837674,96.68016927
graph_15_5,60,10,91.22455547,97.0324181
graph_15_5,60,15,90.83114484,97.23326934
graph_15_5,60,20,87.92779514,98.25398137
graph_15_5,60,25,84.92064316,98.83388339
graph_15_5,60,30,83.59508808,99.01034359
graph_15_5,60,35,82.36710713,99.05229994
graph_15_5,60,40,81.34673075,99.09273036
graph_15_5,60,45,80.01183346,99.12559515
graph_15_5,60,50,78.2907917,99.18194715
graph_15_5,60,55,77.03167007,99.2346045
graph_15_5,60,60,75.69988686,99.25953351
graph_19_5,60,0,99.22677224,90.85468487
graph_19_5,60,5,91.38521176,96.86597473
graph_19_5,60,10,90.89034599,97.15744102
graph_19_5,60,15,90.47177203,97.35168767
graph_19_5,60,20,87.65722298,98.27813323
graph_19_5,60,25,84.61276754,98.81565961
graph_19_5,60,30,83.13023217,98.94088028
graph_19_5,60,35,81.4848035,98.97642876
graph_19_5,60,40,80.23939132,99.01579103
graph_19_5,60,45,78.64654213,99.08106549
graph_19_5,60,50,76.44438946,99.19755084
graph_19_5,60,55,74.7948369,99.26117881
graph_19_5,60,60,73.03084663,99.2913308
bwa_aln,60,0,100,87.71941799
bwa_aln,60,20,84.44535454,98.83874444
bwa_aln,60,30,78.35910037,99.3481417
graph_15_5,70,0,99.27121505,92.72604728
graph_15_5,70,5,93.58710421,96.96649728
graph_15_5,70,10,93.18256681,97.22728528
graph_15_5,70,15,92.89537613,97.37938524
graph_15_5,70,20,90.48359205,98.19573848
graph_15_5,70,25,87.86181908,98.69722105
graph_15_5,70,30,86.61526743,98.85911225
graph_15_5,70,35,85.6064973,98.88775326
graph_15_5,70,40,84.77580599,98.90356735
graph_15_5,70,45,83.74747807,98.95033125
graph_15_5,70,50,82.38255034,99.01040821
graph_15_5,70,55,81.52406637,99.05049306
graph_15_5,70,60,80.67587598,99.08389155
graph_19_5,70,0,99.2602294,92.68735182
graph_19_5,70,5,93.24179141,97.2434378
graph_19_5,70,10,92.84172183,97.49716213
graph_19_5,70,15,92.5286239,97.63244905
graph_19_5,70,20,90.13332242,98.39482348
graph_19_5,70,25,87.5497529,98.78805586
graph_19_5,70,30,86.52758024,98.87425206
graph_19_5,70,35,85.58930965,98.90375259
graph_19_5,70,40,84.68071174,98.93428064
graph_19_5,70,45,83.59407774,98.96449161
graph_19_5,70,50,82.01528655,99.04186836
graph_19_5,70,55,81.02176338,99.07937109
graph_19_5,70,60,80.02005464,99.09725597
bwa_aln,70,0,100,90.16738968
bwa_aln,70,20,87.54669849,98.83954958
bwa_aln,70,30,83.19858148,99.21587025